Criterion,Kendall Tau,Spearman,MAE
Coherence,0.253546276418555,0.35983578576496095,0.517893217893218
Consistency,0.11433239009500588,0.26051340011296553,0.6602292768959437
Fluency,0.0,0.06722926454528143,0.6588183421516756
Relevance,0.3571428571428571,0.523809523809524,0.6803571428571429
5W1H,0.9444444444444445,0.9833333333333333,0.26133156966490306
OVERALL,0.4081233848824629,0.5409628500126765,0.5528933818706546
