Criterion,Kendall Tau,Spearman,MAE
Coherence,-0.08451542547285167,-0.15062893357603013,0.9160493827160495
Consistency,-0.2777777777777778,-0.2833333333333333,0.8913580246913582
Fluency,0.5716619504750294,0.6890999615891347,0.7851851851851853
Relevance,0.19720265943665388,0.35146751167740364,0.728395061728395
5W1H,0.8333333333333334,0.9333333333333332,0.2987654320987654
OVERALL,0.2807584504228574,0.39084289084102253,0.7239506172839507
