model,metric,score
salamandra-base,BLEU,4.931951902626016
salamandra-5w1h,BLEU,11.117778763610564
salamandra-tldr,BLEU,8.324459003573212
gpt5-base,BLEU,13.925720727456968
gpt5-5w1h,BLEU,10.344951272594813
gpt5-tldr,BLEU,16.357375262989585
llama3-base,BLEU,17.104580197997272
llama3-5w1h,BLEU,14.257505607056293
llama3-tldr,BLEU,14.19448619895124
