model,metric,score
salamandra-base,CHRF,38.424090053036466
salamandra-5w1h,CHRF,39.9180823691326
salamandra-tldr,CHRF,41.80148521187476
gpt5-base,CHRF,50.576764448073384
gpt5-5w1h,CHRF,46.40862707417653
gpt5-tldr,CHRF,43.96477649196273
llama3-base,CHRF,39.28912242535101
llama3-5w1h,CHRF,43.97084059404925
llama3-tldr,CHRF,31.4948014846317
