model,metric,score
salamandra-base,CIDEr,0.03198691557995457
salamandra-5w1h,CIDEr,0.2563918465096633
salamandra-tldr,CIDEr,0.0744930703063907
gpt5-base,CIDEr,0.148370294371189
gpt5-5w1h,CIDEr,0.12035361509903662
gpt5-tldr,CIDEr,0.2318731291674437
llama3-base,CIDEr,0.10827486875939975
llama3-5w1h,CIDEr,0.16701961848260244
llama3-tldr,CIDEr,0.008950210610643574
