model,metric,score
salamandra-base,mROUGE-we,0.0023732509296762135
salamandra-5w1h,mROUGE-we,0.001443165571293728
salamandra-tldr,mROUGE-we,0.0021432019540963704
gpt5-base,mROUGE-we,0.003978947872802797
gpt5-5w1h,mROUGE-we,0.004496270176873999
gpt5-tldr,mROUGE-we,0.0022729711980884245
llama3-base,mROUGE-we,0.002518738660939286
llama3-5w1h,mROUGE-we,0.0029382781008719223
llama3-tldr,mROUGE-we,0.0017082525180302848
